"BMS","battery level","battery health","cell count","cell voltages","current","cycles","cycle charge","cycle capacity","delta voltage","design capacity","temp sensors","temp values","voltage","battery charging","battery mode","power","temperature","problem","runtime","balancer","balance current","total charge","pack count","problem code","chrg mosfet","dischrg mosfet","heater","packs"
"abc","✓","",".","✓","✓","✓","✓",".",".","✓","✓","✓","✓",".","",".",".",".",".","✓","","","","✓","✓","✓","✓",""
"ag","✓","","","","✓","✓","✓","","","✓","","✓","",".","","",".",".",".","✓","","","","✓","✓","✓","✓",""
"ant","✓","✓","✓","✓","✓",".","✓",".","✓","✓","✓","✓","✓","✓","","✓",".",".",".","✓","","✓","","✓","✓","✓","",""
"ant_leg","✓","","✓","✓","✓",".","✓",".",".","✓","","✓","✓",".","",".",".",".","✓","✓","","✓","","✓","✓","✓","",""
"braunpwr","✓","✓","✓","✓","✓","✓","✓",".",".","✓","✓","✓","✓",".","",".",".",".",".","✓","","","","✓","","","",""
"buknuwo","✓","✓","","","✓","✓","✓",".","","✓","✓","✓","✓",".","",".",".",".",".","","","","","✓","✓","✓","",""
"c4s","✓","✓","✓","✓","✓","✓","✓",".","✓","✓","","✓","✓",".","",".",".",".",".","","","","","","","","",""
"cbtpwr","✓","",".","✓","✓","✓",".",".",".","✓","","✓","✓",".","",".",".",".","✓","","","","","✓","","","",""
"cbtpwr_vb","✓","","✓","✓","✓","✓",".",".",".","✓","✓","✓","✓",".","",".",".",".",".","","","","","✓","","","",""
"daly","✓","","✓","✓","✓","✓","✓",".","✓","","✓","✓","✓",".","",".",".",".",".","✓","","","","✓","✓","✓","✓",""
"daren","✓","✓","✓","","✓","✓","✓",".","","✓","✓","","✓",".","",".","",".",".","✓","","","","✓","✓","✓","",""
"dometic","✓","✓","","","✓","",".","✓","","✓","","✓","✓",".","",".",".",".",".","","","","","","","","",""
"dpwrcore","✓","","✓","✓","✓","✓","✓",".",".","","","✓","✓",".","",".",".",".",".","","","","","✓","","","",""
"dummy","","","","","✓","","","","","","","","✓",".","",".","✓",".","","","","","","","","","",""
"ecoworthy","✓","✓","✓","✓","✓","",".",".",".","✓","✓","✓","✓",".","",".",".",".",".","","","","","✓","","","",""
"eg4","✓","✓","✓","✓","✓","✓","✓",".",".","✓","","✓","✓",".","",".","✓",".",".","✓","","","","✓","","","",""
"ej","✓","","","","✓","✓","✓","","","✓","","✓","",".","","",".",".",".","✓","","","","✓","✓","✓","✓",""
"eleksol","✓","","✓","","✓","✓","✓",".","","✓","✓","","✓",".","",".","",".",".","✓","","","","✓","✓","✓","",""
"felicity","✓","",".","✓","✓","","✓",".",".","","","✓","✓",".","",".",".",".",".","","","","","✓","","","",""
"gobel","✓","✓","✓","✓","✓","✓","✓",".",".","✓","✓","✓","✓",".","",".",".",".",".","","","","","✓","✓","✓","",""
"greenway","✓","✓","","","✓","✓","✓",".","","✓","","","✓",".","",".","",".",".","","","","","✓","","","",""
"humsienk","✓","✓",".","✓","✓","✓","✓",".",".","✓","","✓","✓",".","",".",".","✓",".","✓","","","","✓","✓","✓","✓",""
"jbd","✓","","✓","✓","✓","✓","✓",".",".","✓","✓","✓","✓",".","",".",".",".",".","✓","","","","✓","✓","✓","",""
"jikong","✓","✓","✓","✓","✓","✓","✓",".","✓","✓","✓","✓","✓",".","✓",".",".",".",".","✓","✓","","","✓","✓","✓","",""
"lipower","✓","","","","✓","","✓",".","","","","","✓",".","",".","",".","✓","","","","","","","","",""
"lithionics","✓","",".","✓","✓","","✓",".","✓","","","✓","✓","✓","","✓",".",".",".","","","✓","","✓","","","","✓"
"myvolta","✓","","","","✓","","","","","","","","✓",".","",".","",".","","","","","","✓","","","✓",""
"neey","✓","",".","✓","✓","","✓",".","✓","✓","","✓","✓",".","",".",".",".",".","✓","✓","","","✓","","","",""
"ogt","✓","","","","✓","✓","✓",".","","✓","","✓","✓",".","",".",".",".","✓","","","","","","","","",""
"pace","✓","✓","✓","✓","✓","✓","✓",".",".","✓","","✓","✓",".","",".",".",".",".","","","","✓","","","","",""
"pro","✓","","","","✓","","✓",".","","","","✓","✓",".","","✓",".",".",".","","","","","✓","","","",""
"pwrboozt","✓","",".","✓","✓","✓",".",".",".","✓","","✓","✓",".","",".",".",".",".","","","","","","","","",""
"pwrxtreme","","",".","✓","","","","",".","","","",".","","","","",".","","","","","","","","","",""
"pylontech","✓","✓",".","✓","✓","",".",".",".","✓","","✓","✓",".","","✓",".",".",".","","","","","","","","",""
"redodo","✓","✓",".","✓","✓","✓","✓",".",".","✓","✓","✓","✓",".","",".",".",".",".","✓","","","","✓","","","✓",""
"renogy",".","","✓","✓","✓","✓","✓",".",".","✓","✓","✓","✓",".","",".",".",".",".","","","","","✓","✓","✓","✓",""
"renogy_pro",".","","","","✓","✓","✓",".","","✓","","","✓",".","",".","",".",".","","","","","","","","",""
"roypow","✓","",".","✓","✓","✓","✓",".",".","","✓","✓","✓",".","",".",".",".","✓","","","","","✓","✓","✓","",""
"saihang","✓","✓","✓","✓","✓","✓","✓",".",".","✓","✓","✓","✓",".","",".",".",".",".","✓","","","","✓","✓","✓","",""
"seplos","✓","✓","","","✓","✓","✓",".","","✓","","","✓",".","",".","✓",".",".","✓","","","✓","✓","✓","✓","✓",""
"seplos_v2","✓","✓","✓","✓","✓","✓","✓",".",".","✓","✓","✓","✓",".","",".",".",".",".","✓","","","✓","✓","✓","✓","✓",""
"stark_varg","✓","✓","✓","✓","✓","","","",".","","✓","✓","✓","✓","",".",".",".","","✓","","","","","","","",""
"superb","✓","✓","","","✓","","","","","","","","✓",".","",".","",".","✓","✓","","","","✓","","","",""
"superb_v2","✓","✓","","","✓","✓","","","","","","","✓",".","",".","",".","✓","","","","","","","","",""
"tdt","✓","","✓","✓","✓","✓","✓",".",".","","✓","✓","✓",".","",".",".",".",".","","","","","✓","✓","✓","",""
"tianpwr","✓","✓","✓","✓","✓","✓","✓",".",".","✓","✓","✓","✓",".","",".",".",".",".","✓","","","","✓","✓","✓","",""
"topband","✓","",".","✓","✓","✓","✓",".",".","","","✓","✓",".","",".",".",".",".","","","","","✓","","","",""
"vatrer","✓","✓","✓","✓","✓","✓","✓",".","✓","","✓","✓","✓",".","",".",".","✓",".","✓","","","","","✓","✓","",""
"ws_nova","✓","",".","✓","✓","✓","✓",".",".","✓","","✓","✓",".","",".",".",".",".","","","","","✓","","","✓",""
"x123smart","✓","✓","✓","✓","✓","","","",".","","","✓","✓",".","",".",".",".","","","","","","✓","✓","✓","",""
